{
  "Alvin": {
    "name": "alvin",
    "descriptors": [
      {
        "0": -0.11008807271718979,
        "1": 0.025447042658925056,
        "2": 0.08165338635444641,
        "3": -0.012976294383406639,
        "4": -0.05585303157567978,
        "5": -0.04120560735464096,
        "6": 0.0062310886569321156,
        "7": -0.13266010582447052,
        "8": 0.10417341440916061,
        "9": -0.10260751098394394,
        "10": 0.23198549449443817,
        "11": -0.013535266742110252,
        "12": -0.1833668351173401,
        "13": -0.08976274728775024,
        "14": -0.018618009984493256,
        "15": 0.1256234496831894,
        "16": -0.16107772290706635,
        "17": -0.15912367403507233,
        "18": -0.016001947224140167,
        "19": -0.0223856158554554,
        "20": 0.08343125134706497,
        "21": -0.023678481578826904,
        "22": -0.022317390888929367,
        "23": 0.02857828140258789,
        "24": -0.09184661507606506,
        "25": -0.24519972503185272,
        "26": -0.13145194947719574,
        "27": -0.13867460191249847,
        "28": 0.07393854111433029,
        "29": -0.04989812895655632,
        "30": -0.04389417544007301,
        "31": -0.06801124662160873,
        "32": -0.20448651909828186,
        "33": -0.02711678482592106,
        "34": 0.03271733969449997,
        "35": 0.05351428687572479,
        "36": -0.006026186980307102,
        "37": -0.01932615227997303,
        "38": 0.1418761909008026,
        "39": -0.0769045352935791,
        "40": -0.19172178208827972,
        "41": -0.03726235777139664,
        "42": 0.03169453889131546,
        "43": 0.22539126873016357,
        "44": 0.14313127100467682,
        "45": 0.10195720195770264,
        "46": -0.0011499524116516113,
        "47": -0.08321301639080048,
        "48": 0.048384055495262146,
        "49": -0.1857166439294815,
        "50": 0.09827729314565659,
        "51": 0.08861013501882553,
        "52": 0.1675368845462799,
        "53": 0.035737305879592896,
        "54": -0.019722040742635727,
        "55": -0.17517951130867004,
        "56": 0.009847845882177353,
        "57": 0.132073312997818,
        "58": -0.14530842006206512,
        "59": 0.11561182141304016,
        "60": 0.10103034973144531,
        "61": -0.11163058876991272,
        "62": -0.03480340167880058,
        "63": -0.03684930503368378,
        "64": 0.26445871591567993,
        "65": 0.05949247255921364,
        "66": -0.1586763709783554,
        "67": -0.1274343878030777,
        "68": 0.14943216741085052,
        "69": -0.18332554399967194,
        "70": -0.04541805386543274,
        "71": 0.04491327330470085,
        "72": -0.13455705344676971,
        "73": -0.18176306784152985,
        "74": -0.2901172339916229,
        "75": 0.015724465250968933,
        "76": 0.4408588111400604,
        "77": 0.11268571019172668,
        "78": -0.1948826014995575,
        "79": 0.003023376688361168,
        "80": -0.0687933936715126,
        "81": 0.0815429538488388,
        "82": 0.13163647055625916,
        "83": 0.12616577744483948,
        "84": -0.04070652276277542,
        "85": 0.02638877183198929,
        "86": -0.11080867052078247,
        "87": -0.0007863342761993408,
        "88": 0.20488186180591583,
        "89": -0.06970899552106857,
        "90": -0.0013943505473434925,
        "91": 0.1589960753917694,
        "92": -0.060970649123191833,
        "93": 0.05315737426280975,
        "94": -0.03627682477235794,
        "95": -0.026076965034008026,
        "96": 0.01473609171807766,
        "97": 0.004879312589764595,
        "98": -0.06500355899333954,
        "99": 0.018670640885829926,
        "100": -0.03987263888120651,
        "101": -0.019221674650907516,
        "102": 0.006384534761309624,
        "103": 0.13915078341960907,
        "104": -0.15120404958724976,
        "105": 0.08822331577539444,
        "106": 0.0004997509531676769,
        "107": 0.002109203487634659,
        "108": -0.007763792760670185,
        "109": -0.00965244323015213,
        "110": -0.09025140106678009,
        "111": -0.078825943171978,
        "112": 0.12902401387691498,
        "113": -0.23828937113285065,
        "114": 0.20979754626750946,
        "115": 0.22541296482086182,
        "116": 0.05271945148706436,
        "117": 0.11323793977499008,
        "118": 0.04363662004470825,
        "119": 0.07790474593639374,
        "120": 0.014473426155745983,
        "121": -0.04189765080809593,
        "122": -0.26061010360717773,
        "123": 0.013296668417751789,
        "124": 0.08188552409410477,
        "125": -0.11300633102655411,
        "126": 0.0919419378042221,
        "127": -0.002569209784269333
      }
    ]
  }
}
